State/UT,Month,2019,2018,2017,2016,2015,percentage2019,percentage2018,percentage2017,percentage2016,percentage2015,Monthly_visitors2019,Monthly_visitors2018,Monthly_visitors2017,Monthly_visitors2016,Monthly_visitors2015
Andaman & Nicobar Island ,January,1111040,1045027,964109,844533,790854,0.05,0.05,0.06,0.06,0.06,555.52,522.5135,578.4654,506.71979999999996,474.51239999999996
Andaman & Nicobar Island ,February,1090516,1049259,931025,848782,761007,0.05,0.05,0.06,0.06,0.06,545.258,524.6295,558.615,509.26919999999996,456.6042
Andaman & Nicobar Island ,March,978236,1021539,885936,809107,729154,0.05,0.05,0.06,0.06,0.06,489.11800000000005,510.76950000000005,531.5616,485.4642,437.4924
Andaman & Nicobar Island ,April,774651,745033,717899,592004,541551,0.05,0.05,0.06,0.06,0.06,387.32550000000003,372.5165,430.73939999999993,355.20239999999995,324.93059999999997
Andaman & Nicobar Island ,May,615136,606513,622408,527466,509869,0.05,0.05,0.06,0.06,0.06,307.56800000000004,303.2565,373.4448,316.4796,305.9214
Andaman & Nicobar Island ,June,726446,683935,663470,546972,512341,0.05,0.05,0.06,0.06,0.06,363.223,341.9675,398.082,328.1832,307.4046
Andaman & Nicobar Island ,July,818125,806493,779309,733834,628323,0.05,0.05,0.06,0.06,0.06,409.0625,403.2465,467.5854,440.3004,376.99379999999996
Andaman & Nicobar Island ,August,800837,785993,719129,652111,599478,0.05,0.05,0.06,0.06,0.06,400.41850000000005,392.9965,431.4774,391.2666,359.6868
Andaman & Nicobar Island ,September,751513,719894,719964,608177,542600,0.05,0.05,0.06,0.06,0.06,375.7565,359.94700000000006,431.97839999999997,364.90619999999996,325.56
Andaman & Nicobar Island ,October,945017,890223,866976,741770,683286,0.05,0.05,0.06,0.06,0.06,472.5085000000001,445.11150000000004,520.1856,445.06199999999995,409.97159999999997
Andaman & Nicobar Island ,November,1092440,1012569,997738,878280,815947,0.05,0.05,0.06,0.06,0.06,546.22,506.28450000000004,598.6428,526.968,489.5682
Andaman & Nicobar Island ,December,1226398,1191498,1167840,1021375,912723,0.05,0.05,0.06,0.06,0.06,613.1990000000001,595.749,700.704,612.825,547.6338
Andhra Pradesh  ,January,1111040,1045027,964109,844533,790854,0.89,0.97,1.01,1.39,1.02,9888.256,10136.7619,9737.5009,11739.008699999998,8066.7108
Andhra Pradesh  ,February,1090516,1049259,931025,848782,761007,0.89,0.97,1.01,1.39,1.02,9705.5924,10177.8123,9403.3525,11798.0698,7762.2714000000005
Andhra Pradesh  ,March,978236,1021539,885936,809107,729154,0.89,0.97,1.01,1.39,1.02,8706.3004,9908.9283,8947.9536,11246.5873,7437.3708
Andhra Pradesh  ,April,774651,745033,717899,592004,541551,0.89,0.97,1.01,1.39,1.02,6894.3939,7226.8201,7250.7798999999995,8228.855599999999,5523.8202
Andhra Pradesh  ,May,615136,606513,622408,527466,509869,0.89,0.97,1.01,1.39,1.02,5474.7104,5883.1761,6286.3207999999995,7331.7774,5200.6638
Andhra Pradesh  ,June,726446,683935,663470,546972,512341,0.89,0.97,1.01,1.39,1.02,6465.3694000000005,6634.1695,6701.047,7602.9108,5225.8782
Andhra Pradesh  ,July,818125,806493,779309,733834,628323,0.89,0.97,1.01,1.39,1.02,7281.3125,7822.982099999999,7871.0208999999995,10200.292599999999,6408.8946
Andhra Pradesh  ,August,800837,785993,719129,652111,599478,0.89,0.97,1.01,1.39,1.02,7127.4493,7624.1321,7263.2029,9064.3429,6114.6756000000005
Andhra Pradesh  ,September,751513,719894,719964,608177,542600,0.89,0.97,1.01,1.39,1.02,6688.465700000001,6982.971799999999,7271.6364,8453.6603,5534.52
Andhra Pradesh  ,October,945017,890223,866976,741770,683286,0.89,0.97,1.01,1.39,1.02,8410.6513,8635.1631,8756.4576,10310.603,6969.517199999999
Andhra Pradesh  ,November,1092440,1012569,997738,878280,815947,0.89,0.97,1.01,1.39,1.02,9722.716,9821.9193,10077.1538,12208.091999999999,8322.6594
Andhra Pradesh  ,December,1226398,1191498,1167840,1021375,912723,0.89,0.97,1.01,1.39,1.02,10914.9422,11557.5306,11795.184,14197.1125,9309.774599999999
Arunachal Pradesh ,January,1111040,1045027,964109,844533,790854,0.02,0.03,0.03,0.03,0.02,222.208,313.50809999999996,289.2327,253.35989999999998,158.17079999999999
Arunachal Pradesh ,February,1090516,1049259,931025,848782,761007,0.02,0.03,0.03,0.03,0.02,218.1032,314.7777,279.3075,254.63459999999998,152.2014
Arunachal Pradesh ,March,978236,1021539,885936,809107,729154,0.02,0.03,0.03,0.03,0.02,195.6472,306.4617,265.7808,242.7321,145.8308
Arunachal Pradesh ,April,774651,745033,717899,592004,541551,0.02,0.03,0.03,0.03,0.02,154.9302,223.5099,215.36969999999997,177.60119999999998,108.31020000000001
Arunachal Pradesh ,May,615136,606513,622408,527466,509869,0.02,0.03,0.03,0.03,0.02,123.02720000000001,181.9539,186.7224,158.2398,101.97380000000001
Arunachal Pradesh ,June,726446,683935,663470,546972,512341,0.02,0.03,0.03,0.03,0.02,145.2892,205.1805,199.041,164.0916,102.4682
Arunachal Pradesh ,July,818125,806493,779309,733834,628323,0.02,0.03,0.03,0.03,0.02,163.625,241.9479,233.7927,220.1502,125.66460000000001
Arunachal Pradesh ,August,800837,785993,719129,652111,599478,0.02,0.03,0.03,0.03,0.02,160.1674,235.7979,215.7387,195.6333,119.8956
Arunachal Pradesh ,September,751513,719894,719964,608177,542600,0.02,0.03,0.03,0.03,0.02,150.3026,215.9682,215.98919999999998,182.45309999999998,108.52
Arunachal Pradesh ,October,945017,890223,866976,741770,683286,0.02,0.03,0.03,0.03,0.02,189.0034,267.0669,260.0928,222.53099999999998,136.65720000000002
Arunachal Pradesh ,November,1092440,1012569,997738,878280,815947,0.02,0.03,0.03,0.03,0.02,218.488,303.7707,299.3214,263.484,163.1894
Arunachal Pradesh ,December,1226398,1191498,1167840,1021375,912723,0.02,0.03,0.03,0.03,0.02,245.2796,357.44939999999997,350.352,306.4125,182.5446
Assam,January,1111040,1045027,964109,844533,790854,0.09,0.13,0.08,0.05,0.11,999.9359999999999,1358.5351,771.2872,422.2665,869.9394
Assam,February,1090516,1049259,931025,848782,761007,0.09,0.13,0.08,0.05,0.11,981.4644000000001,1364.0367,744.82,424.3910000000001,837.1077
Assam,March,978236,1021539,885936,809107,729154,0.09,0.13,0.08,0.05,0.11,880.4123999999999,1328.0007,708.7488000000001,404.55350000000004,802.0694
Assam,April,774651,745033,717899,592004,541551,0.09,0.13,0.08,0.05,0.11,697.1859,968.5429,574.3192,296.002,595.7061
Assam,May,615136,606513,622408,527466,509869,0.09,0.13,0.08,0.05,0.11,553.6224,788.4669,497.9264,263.733,560.8559
Assam,June,726446,683935,663470,546972,512341,0.09,0.13,0.08,0.05,0.11,653.8014,889.1155,530.776,273.48600000000005,563.5751
Assam,July,818125,806493,779309,733834,628323,0.09,0.13,0.08,0.05,0.11,736.3125,1048.4409,623.4472000000001,366.91700000000003,691.1553
Assam,August,800837,785993,719129,652111,599478,0.09,0.13,0.08,0.05,0.11,720.7533,1021.7909,575.3032,326.05550000000005,659.4258
Assam,September,751513,719894,719964,608177,542600,0.09,0.13,0.08,0.05,0.11,676.3616999999999,935.8622,575.9712000000001,304.0885,596.86
Assam,October,945017,890223,866976,741770,683286,0.09,0.13,0.08,0.05,0.11,850.5153,1157.2899,693.5808000000001,370.885,751.6146000000001
Assam,November,1092440,1012569,997738,878280,815947,0.09,0.13,0.08,0.05,0.11,983.1959999999999,1316.3397,798.1904000000001,439.14,897.5417
Assam,December,1226398,1191498,1167840,1021375,912723,0.09,0.13,0.08,0.05,0.11,1103.7582,1548.9474000000002,934.2719999999999,510.6875,1003.9953
Bihar ,January,1111040,1045027,964109,844533,790854,3.48,3.77,4.03,4.09,3.96,38664.192,39397.5179,38853.5927,34541.399699999994,31317.8184
Bihar ,February,1090516,1049259,931025,848782,761007,3.48,3.77,4.03,4.09,3.96,37949.9568,39557.0643,37520.3075,34715.1838,30135.877200000003
Bihar ,March,978236,1021539,885936,809107,729154,3.48,3.77,4.03,4.09,3.96,34042.612799999995,38512.0203,35703.2208,33092.4763,28874.498399999997
Bihar ,April,774651,745033,717899,592004,541551,3.48,3.77,4.03,4.09,3.96,26957.8548,28087.7441,28931.329700000002,24212.9636,21445.4196
Bihar ,May,615136,606513,622408,527466,509869,3.48,3.77,4.03,4.09,3.96,21406.732799999998,22865.540100000002,25083.042400000002,21573.3594,20190.8124
Bihar ,June,726446,683935,663470,546972,512341,3.48,3.77,4.03,4.09,3.96,25280.3208,25784.3495,26737.841,22371.1548,20288.703599999997
Bihar ,July,818125,806493,779309,733834,628323,3.48,3.77,4.03,4.09,3.96,28470.75,30404.786099999998,31406.1527,30013.8106,24881.5908
Bihar ,August,800837,785993,719129,652111,599478,3.48,3.77,4.03,4.09,3.96,27869.127599999996,29631.9361,28980.8987,26671.3399,23739.3288
Bihar ,September,751513,719894,719964,608177,542600,3.48,3.77,4.03,4.09,3.96,26152.6524,27140.0038,29014.549200000005,24874.4393,21486.96
Bihar ,October,945017,890223,866976,741770,683286,3.48,3.77,4.03,4.09,3.96,32886.5916,33561.4071,34939.1328,30338.392999999996,27058.1256
Bihar ,November,1092440,1012569,997738,878280,815947,3.48,3.77,4.03,4.09,3.96,38016.912000000004,38173.8513,40208.841400000005,35921.651999999995,32311.501200000002
Bihar ,December,1226398,1191498,1167840,1021375,912723,3.48,3.77,4.03,4.09,3.96,42678.6504,44919.4746,47063.952000000005,41774.2375,36143.8308
Chandigarh ,January,1111040,1045027,964109,844533,790854,0.14,0.14,0.12,0.13,0.13,1555.4560000000001,1463.0378000000003,1156.9308,1097.8929,1028.1102
Chandigarh ,February,1090516,1049259,931025,848782,761007,0.14,0.14,0.12,0.13,0.13,1526.7224,1468.9626,1117.23,1103.4166,989.3091000000001
Chandigarh ,March,978236,1021539,885936,809107,729154,0.14,0.14,0.12,0.13,0.13,1369.5304,1430.1546000000003,1063.1232,1051.8391000000001,947.9002
Chandigarh ,April,774651,745033,717899,592004,541551,0.14,0.14,0.12,0.13,0.13,1084.5114,1043.0462,861.4787999999999,769.6052000000001,704.0163
Chandigarh ,May,615136,606513,622408,527466,509869,0.14,0.14,0.12,0.13,0.13,861.1904000000001,849.1182000000001,746.8896,685.7058000000001,662.8297
Chandigarh ,June,726446,683935,663470,546972,512341,0.14,0.14,0.12,0.13,0.13,1017.0244000000001,957.5090000000001,796.164,711.0636,666.0433
Chandigarh ,July,818125,806493,779309,733834,628323,0.14,0.14,0.12,0.13,0.13,1145.3750000000002,1129.0902,935.1708,953.9842,816.8199000000001
Chandigarh ,August,800837,785993,719129,652111,599478,0.14,0.14,0.12,0.13,0.13,1121.1718,1100.3902,862.9548,847.7443000000001,779.3214
Chandigarh ,September,751513,719894,719964,608177,542600,0.14,0.14,0.12,0.13,0.13,1052.1182000000001,1007.8516000000001,863.9567999999999,790.6301000000001,705.38
Chandigarh ,October,945017,890223,866976,741770,683286,0.14,0.14,0.12,0.13,0.13,1323.0238,1246.3122,1040.3712,964.301,888.2718000000001
Chandigarh ,November,1092440,1012569,997738,878280,815947,0.14,0.14,0.12,0.13,0.13,1529.4160000000002,1417.5966,1197.2856,1141.7640000000001,1060.7311
Chandigarh ,December,1226398,1191498,1167840,1021375,912723,0.14,0.14,0.12,0.13,0.13,1716.9572000000003,1668.0972000000004,1401.408,1327.7875,1186.5399
Chhattisgarh ,January,1111040,1045027,964109,844533,790854,0.02,0.05,0.02,0.04,0.03,222.208,522.5135,192.8218,337.8132,237.25619999999998
Chhattisgarh ,February,1090516,1049259,931025,848782,761007,0.02,0.05,0.02,0.04,0.03,218.1032,524.6295,186.205,339.51279999999997,228.3021
Chhattisgarh ,March,978236,1021539,885936,809107,729154,0.02,0.05,0.02,0.04,0.03,195.6472,510.76950000000005,177.18720000000002,323.6428,218.7462
Chhattisgarh ,April,774651,745033,717899,592004,541551,0.02,0.05,0.02,0.04,0.03,154.9302,372.5165,143.5798,236.8016,162.46529999999998
Chhattisgarh ,May,615136,606513,622408,527466,509869,0.02,0.05,0.02,0.04,0.03,123.02720000000001,303.2565,124.4816,210.9864,152.9607
Chhattisgarh ,June,726446,683935,663470,546972,512341,0.02,0.05,0.02,0.04,0.03,145.2892,341.9675,132.694,218.7888,153.7023
Chhattisgarh ,July,818125,806493,779309,733834,628323,0.02,0.05,0.02,0.04,0.03,163.625,403.2465,155.86180000000002,293.5336,188.49689999999998
Chhattisgarh ,August,800837,785993,719129,652111,599478,0.02,0.05,0.02,0.04,0.03,160.1674,392.9965,143.8258,260.8444,179.8434
Chhattisgarh ,September,751513,719894,719964,608177,542600,0.02,0.05,0.02,0.04,0.03,150.3026,359.94700000000006,143.99280000000002,243.2708,162.78
Chhattisgarh ,October,945017,890223,866976,741770,683286,0.02,0.05,0.02,0.04,0.03,189.0034,445.11150000000004,173.39520000000002,296.70799999999997,204.98579999999998
Chhattisgarh ,November,1092440,1012569,997738,878280,815947,0.02,0.05,0.02,0.04,0.03,218.488,506.28450000000004,199.54760000000002,351.31200000000007,244.7841
Chhattisgarh ,December,1226398,1191498,1167840,1021375,912723,0.02,0.05,0.02,0.04,0.03,245.2796,595.749,233.56799999999998,408.55,273.8169
Dadra & Nagar Haveli ,January,1111040,1045027,964109,844533,790854,0.01,0.01,0.01,0.01,0.01,111.104,104.5027,96.4109,84.4533,79.08539999999999
Dadra & Nagar Haveli ,February,1090516,1049259,931025,848782,761007,0.01,0.01,0.01,0.01,0.01,109.0516,104.9259,93.1025,84.87819999999999,76.1007
Dadra & Nagar Haveli ,March,978236,1021539,885936,809107,729154,0.01,0.01,0.01,0.01,0.01,97.8236,102.1539,88.59360000000001,80.9107,72.9154
Dadra & Nagar Haveli ,April,774651,745033,717899,592004,541551,0.01,0.01,0.01,0.01,0.01,77.4651,74.5033,71.7899,59.2004,54.155100000000004
Dadra & Nagar Haveli ,May,615136,606513,622408,527466,509869,0.01,0.01,0.01,0.01,0.01,61.513600000000004,60.6513,62.2408,52.7466,50.986900000000006
Dadra & Nagar Haveli ,June,726446,683935,663470,546972,512341,0.01,0.01,0.01,0.01,0.01,72.6446,68.3935,66.347,54.6972,51.2341
Dadra & Nagar Haveli ,July,818125,806493,779309,733834,628323,0.01,0.01,0.01,0.01,0.01,81.8125,80.6493,77.93090000000001,73.3834,62.832300000000004
Dadra & Nagar Haveli ,August,800837,785993,719129,652111,599478,0.01,0.01,0.01,0.01,0.01,80.0837,78.5993,71.9129,65.2111,59.9478
Dadra & Nagar Haveli ,September,751513,719894,719964,608177,542600,0.01,0.01,0.01,0.01,0.01,75.1513,71.9894,71.99640000000001,60.8177,54.26
Dadra & Nagar Haveli ,October,945017,890223,866976,741770,683286,0.01,0.01,0.01,0.01,0.01,94.5017,89.0223,86.69760000000001,74.17699999999999,68.32860000000001
Dadra & Nagar Haveli ,November,1092440,1012569,997738,878280,815947,0.01,0.01,0.01,0.01,0.01,109.244,101.2569,99.77380000000001,87.82800000000002,81.5947
Dadra & Nagar Haveli ,December,1226398,1191498,1167840,1021375,912723,0.01,0.01,0.01,0.01,0.01,122.6398,119.1498,116.78399999999999,102.1375,91.2723
Daman & Diu ,January,1111040,1045027,964109,844533,790854,0.02,0.02,0.02,0.02,0.03,222.208,209.0054,192.8218,168.9066,237.25619999999998
Daman & Diu ,February,1090516,1049259,931025,848782,761007,0.02,0.02,0.02,0.02,0.03,218.1032,209.8518,186.205,169.75639999999999,228.3021
Daman & Diu ,March,978236,1021539,885936,809107,729154,0.02,0.02,0.02,0.02,0.03,195.6472,204.3078,177.18720000000002,161.8214,218.7462
Daman & Diu ,April,774651,745033,717899,592004,541551,0.02,0.02,0.02,0.02,0.03,154.9302,149.0066,143.5798,118.4008,162.46529999999998
Daman & Diu ,May,615136,606513,622408,527466,509869,0.02,0.02,0.02,0.02,0.03,123.02720000000001,121.3026,124.4816,105.4932,152.9607
Daman & Diu ,June,726446,683935,663470,546972,512341,0.02,0.02,0.02,0.02,0.03,145.2892,136.787,132.694,109.3944,153.7023
Daman & Diu ,July,818125,806493,779309,733834,628323,0.02,0.02,0.02,0.02,0.03,163.625,161.2986,155.86180000000002,146.7668,188.49689999999998
Daman & Diu ,August,800837,785993,719129,652111,599478,0.02,0.02,0.02,0.02,0.03,160.1674,157.1986,143.8258,130.4222,179.8434
Daman & Diu ,September,751513,719894,719964,608177,542600,0.02,0.02,0.02,0.02,0.03,150.3026,143.9788,143.99280000000002,121.6354,162.78
Daman & Diu ,October,945017,890223,866976,741770,683286,0.02,0.02,0.02,0.02,0.03,189.0034,178.0446,173.39520000000002,148.35399999999998,204.98579999999998
Daman & Diu ,November,1092440,1012569,997738,878280,815947,0.02,0.02,0.02,0.02,0.03,218.488,202.5138,199.54760000000002,175.65600000000003,244.7841
Daman & Diu ,December,1226398,1191498,1167840,1021375,912723,0.02,0.02,0.02,0.02,0.03,245.2796,238.2996,233.56799999999998,204.275,273.8169
Delhi,January,1111040,1045027,964109,844533,790854,9.5,9.49,10.19,10.2,10.2,105548.8,99173.0623,98242.70709999999,86142.366,80667.108
Delhi,February,1090516,1049259,931025,848782,761007,9.5,9.49,10.19,10.2,10.2,103599.02,99574.67910000001,94871.4475,86575.76399999998,77622.71399999999
Delhi,March,978236,1021539,885936,809107,729154,9.5,9.49,10.19,10.2,10.2,92932.42,96944.0511,90276.8784,82528.91399999999,74373.708
Delhi,April,774651,745033,717899,592004,541551,9.5,9.49,10.19,10.2,10.2,73591.845,70703.6317,73153.9081,60384.407999999996,55238.20199999999
Delhi,May,615136,606513,622408,527466,509869,9.5,9.49,10.19,10.2,10.2,58437.92,57558.0837,63423.375199999995,53801.53199999999,52006.638
Delhi,June,726446,683935,663470,546972,512341,9.5,9.49,10.19,10.2,10.2,69012.37,64905.431500000006,67607.593,55791.14399999999,52258.78199999999
Delhi,July,818125,806493,779309,733834,628323,9.5,9.49,10.19,10.2,10.2,77721.875,76536.1857,79411.5871,74851.068,64088.945999999996
Delhi,August,800837,785993,719129,652111,599478,9.5,9.49,10.19,10.2,10.2,76079.515,74590.7357,73279.2451,66515.32199999999,61146.755999999994
Delhi,September,751513,719894,719964,608177,542600,9.5,9.49,10.19,10.2,10.2,71393.735,68317.9406,73364.33159999999,62034.054,55345.2
Delhi,October,945017,890223,866976,741770,683286,9.5,9.49,10.19,10.2,10.2,89776.615,84482.1627,88344.8544,75660.54,69695.17199999999
Delhi,November,1092440,1012569,997738,878280,815947,9.5,9.49,10.19,10.2,10.2,103781.8,96092.7981,101669.50219999999,89584.56,83226.594
Delhi,December,1226398,1191498,1167840,1021375,912723,9.5,9.49,10.19,10.2,10.2,116507.81,113073.1602,119002.896,104180.25,93097.746
Goa,January,1111040,1045027,964109,844533,790854,2.98,3.23,3.13,2.75,2.32,33108.992,33754.3721,30176.611699999998,23224.6575,18347.8128
Goa,February,1090516,1049259,931025,848782,761007,2.98,3.23,3.13,2.75,2.32,32497.376800000002,33891.0657,29141.0825,23341.505,17655.362399999998
Goa,March,978236,1021539,885936,809107,729154,2.98,3.23,3.13,2.75,2.32,29151.4328,32995.7097,27729.796799999996,22250.4425,16916.372799999997
Goa,April,774651,745033,717899,592004,541551,2.98,3.23,3.13,2.75,2.32,23084.5998,24064.565899999998,22470.2387,16280.11,12563.983199999999
Goa,May,615136,606513,622408,527466,509869,2.98,3.23,3.13,2.75,2.32,18331.0528,19590.3699,19481.3704,14505.315,11828.960799999999
Goa,June,726446,683935,663470,546972,512341,2.98,3.23,3.13,2.75,2.32,21648.0908,22091.100499999997,20766.610999999997,15041.73,11886.311199999998
Goa,July,818125,806493,779309,733834,628323,2.98,3.23,3.13,2.75,2.32,24380.125,26049.7239,24392.3717,20180.435,14577.093599999998
Goa,August,800837,785993,719129,652111,599478,2.98,3.23,3.13,2.75,2.32,23864.9426,25387.573900000003,22508.7377,17933.0525,13907.8896
Goa,September,751513,719894,719964,608177,542600,2.98,3.23,3.13,2.75,2.32,22395.087399999997,23252.5762,22534.873199999998,16724.8675,12588.32
Goa,October,945017,890223,866976,741770,683286,2.98,3.23,3.13,2.75,2.32,28161.5066,28754.2029,27136.3488,20398.675,15852.235199999997
Goa,November,1092440,1012569,997738,878280,815947,2.98,3.23,3.13,2.75,2.32,32554.712000000003,32705.9787,31229.199399999998,24152.7,18929.9704
Goa,December,1226398,1191498,1167840,1021375,912723,2.98,3.23,3.13,2.75,2.32,36546.6604,38485.3854,36553.392,28087.8125,21175.1736
Gujrat ,January,1111040,1045027,964109,844533,790854,1.9,1.78,1.67,1.39,1.22,21109.76,18601.4806,16100.6203,11739.008699999998,9648.4188
Gujrat ,February,1090516,1049259,931025,848782,761007,1.9,1.78,1.67,1.39,1.22,20719.804,18676.8102,15548.1175,11798.0698,9284.2854
Gujrat ,March,978236,1021539,885936,809107,729154,1.9,1.78,1.67,1.39,1.22,18586.484,18183.3942,14795.131199999998,11246.5873,8895.6788
Gujrat ,April,774651,745033,717899,592004,541551,1.9,1.78,1.67,1.39,1.22,14718.368999999999,13261.5874,11988.913299999998,8228.855599999999,6606.9222
Gujrat ,May,615136,606513,622408,527466,509869,1.9,1.78,1.67,1.39,1.22,11687.583999999999,10795.931400000001,10394.2136,7331.7774,6220.4018
Gujrat ,June,726446,683935,663470,546972,512341,1.9,1.78,1.67,1.39,1.22,13802.473999999998,12174.043,11079.948999999999,7602.9108,6250.5602
Gujrat ,July,818125,806493,779309,733834,628323,1.9,1.78,1.67,1.39,1.22,15544.375,14355.5754,13014.4603,10200.292599999999,7665.540599999999
Gujrat ,August,800837,785993,719129,652111,599478,1.9,1.78,1.67,1.39,1.22,15215.902999999998,13990.6754,12009.4543,9064.3429,7313.631600000001
Gujrat ,September,751513,719894,719964,608177,542600,1.9,1.78,1.67,1.39,1.22,14278.747,12814.1132,12023.398799999999,8453.6603,6619.72
Gujrat ,October,945017,890223,866976,741770,683286,1.9,1.78,1.67,1.39,1.22,17955.322999999997,15845.9694,14478.499199999998,10310.603,8336.089199999999
Gujrat ,November,1092440,1012569,997738,878280,815947,1.9,1.78,1.67,1.39,1.22,20756.36,18023.7282,16662.2246,12208.091999999999,9954.553399999999
Gujrat ,December,1226398,1191498,1167840,1021375,912723,1.9,1.78,1.67,1.39,1.22,23301.561999999998,21208.664399999998,19502.928,14197.1125,11135.2206
Haryana,January,1111040,1045027,964109,844533,790854,0.15,0.26,0.72,1.34,1.3,1666.56,2717.0702,6941.5848,11316.7422,10281.102
Haryana,February,1090516,1049259,931025,848782,761007,0.15,0.26,0.72,1.34,1.3,1635.774,2728.0734,6703.38,11373.678800000002,9893.091
Haryana,March,978236,1021539,885936,809107,729154,0.15,0.26,0.72,1.34,1.3,1467.354,2656.0014,6378.739199999999,10842.033800000001,9479.002
Haryana,April,774651,745033,717899,592004,541551,0.15,0.26,0.72,1.34,1.3,1161.9765,1937.0858,5168.8728,7932.853600000001,7040.1630000000005
Haryana,May,615136,606513,622408,527466,509869,0.15,0.26,0.72,1.34,1.3,922.704,1576.9338,4481.3376,7068.044400000001,6628.2970000000005
Haryana,June,726446,683935,663470,546972,512341,0.15,0.26,0.72,1.34,1.3,1089.6689999999999,1778.231,4776.9839999999995,7329.424800000001,6660.433000000001
Haryana,July,818125,806493,779309,733834,628323,0.15,0.26,0.72,1.34,1.3,1227.1875,2096.8818,5611.0248,9833.375600000001,8168.1990000000005
Haryana,August,800837,785993,719129,652111,599478,0.15,0.26,0.72,1.34,1.3,1201.2555,2043.5818,5177.7288,8738.287400000001,7793.214
Haryana,September,751513,719894,719964,608177,542600,0.15,0.26,0.72,1.34,1.3,1127.2694999999999,1871.7244,5183.7408,8149.571800000001,7053.8
Haryana,October,945017,890223,866976,741770,683286,0.15,0.26,0.72,1.34,1.3,1417.5255,2314.5798,6242.227199999999,9939.718,8882.718
Haryana,November,1092440,1012569,997738,878280,815947,0.15,0.26,0.72,1.34,1.3,1638.66,2632.6794,7183.7136,11768.952000000001,10607.311000000002
Haryana,December,1226398,1191498,1167840,1021375,912723,0.15,0.26,0.72,1.34,1.3,1839.5969999999998,3097.8948000000005,8408.447999999999,13686.425,11865.399000000001
Himachal Pradesh  ,January,1111040,1045027,964109,844533,790854,1.22,1.23,1.75,1.83,1.74,13554.688,12853.8321,16871.9075,15454.9539,13760.8596
Himachal Pradesh  ,February,1090516,1049259,931025,848782,761007,1.22,1.23,1.75,1.83,1.74,13304.2952,12905.8857,16292.9375,15532.7106,13241.521799999999
Himachal Pradesh  ,March,978236,1021539,885936,809107,729154,1.22,1.23,1.75,1.83,1.74,11934.4792,12564.9297,15503.88,14806.6581,12687.2796
Himachal Pradesh  ,April,774651,745033,717899,592004,541551,1.22,1.23,1.75,1.83,1.74,9450.7422,9163.9059,12563.2325,10833.673200000001,9422.9874
Himachal Pradesh  ,May,615136,606513,622408,527466,509869,1.22,1.23,1.75,1.83,1.74,7504.659199999999,7460.1098999999995,10892.14,9652.6278,8871.720599999999
Himachal Pradesh  ,June,726446,683935,663470,546972,512341,1.22,1.23,1.75,1.83,1.74,8862.6412,8412.4005,11610.725,10009.5876,8914.7334
Himachal Pradesh  ,July,818125,806493,779309,733834,628323,1.22,1.23,1.75,1.83,1.74,9981.125,9919.8639,13637.9075,13429.162199999999,10932.8202
Himachal Pradesh  ,August,800837,785993,719129,652111,599478,1.22,1.23,1.75,1.83,1.74,9770.2114,9667.7139,12584.7575,11933.631300000001,10430.9172
Himachal Pradesh  ,September,751513,719894,719964,608177,542600,1.22,1.23,1.75,1.83,1.74,9168.4586,8854.6962,12599.37,11129.639100000002,9441.24
Himachal Pradesh  ,October,945017,890223,866976,741770,683286,1.22,1.23,1.75,1.83,1.74,11529.2074,10949.742900000001,15172.08,13574.391000000001,11889.176399999998
Himachal Pradesh  ,November,1092440,1012569,997738,878280,815947,1.22,1.23,1.75,1.83,1.74,13327.768,12454.598699999999,17460.415,16072.524000000001,14197.4778
Himachal Pradesh  ,December,1226398,1191498,1167840,1021375,912723,1.22,1.23,1.75,1.83,1.74,14962.0556,14655.4254,20437.2,18691.1625,15881.3802
Jharkhand,January,1111040,1045027,964109,844533,790854,0.56,0.61,0.64,0.69,0.72,6221.8240000000005,6374.664699999999,6170.2976,5827.277699999999,5694.1488
Jharkhand,February,1090516,1049259,931025,848782,761007,0.56,0.61,0.64,0.69,0.72,6106.8896,6400.4799,5958.56,5856.595799999999,5479.250400000001
Jharkhand,March,978236,1021539,885936,809107,729154,0.56,0.61,0.64,0.69,0.72,5478.1216,6231.387900000001,5669.990400000001,5582.838299999999,5249.9088
Jharkhand,April,774651,745033,717899,592004,541551,0.56,0.61,0.64,0.69,0.72,4338.0456,4544.7013,4594.5536,4084.8275999999996,3899.1672
Jharkhand,May,615136,606513,622408,527466,509869,0.56,0.61,0.64,0.69,0.72,3444.7616000000003,3699.7293,3983.4112,3639.5153999999998,3671.0568
Jharkhand,June,726446,683935,663470,546972,512341,0.56,0.61,0.64,0.69,0.72,4068.0976000000005,4172.0035,4246.208,3774.1068,3688.8551999999995
Jharkhand,July,818125,806493,779309,733834,628323,0.56,0.61,0.64,0.69,0.72,4581.500000000001,4919.6073,4987.5776000000005,5063.4546,4523.9256
Jharkhand,August,800837,785993,719129,652111,599478,0.56,0.61,0.64,0.69,0.72,4484.6872,4794.5572999999995,4602.4256,4499.5659,4316.241599999999
Jharkhand,September,751513,719894,719964,608177,542600,0.56,0.61,0.64,0.69,0.72,4208.4728000000005,4391.3534,4607.7696000000005,4196.421299999999,3906.72
Jharkhand,October,945017,890223,866976,741770,683286,0.56,0.61,0.64,0.69,0.72,5292.0952,5430.3603,5548.6464000000005,5118.213,4919.6592
Jharkhand,November,1092440,1012569,997738,878280,815947,0.56,0.61,0.64,0.69,0.72,6117.664000000001,6176.6709,6385.5232000000005,6060.132,5874.8184
Jharkhand,December,1226398,1191498,1167840,1021375,912723,0.56,0.61,0.64,0.69,0.72,6867.828800000001,7268.1378,7474.1759999999995,7047.4875,6571.605599999999
J&K ,January,1111040,1045027,964109,844533,790854,0.18,0.48,0.3,0.26,0.25,1999.8719999999998,5016.129599999999,2892.327,2195.7858,1977.135
J&K ,February,1090516,1049259,931025,848782,761007,0.18,0.48,0.3,0.26,0.25,1962.9288000000001,5036.4432,2793.075,2206.8332,1902.5175
J&K ,March,978236,1021539,885936,809107,729154,0.18,0.48,0.3,0.26,0.25,1760.8247999999999,4903.3872,2657.808,2103.6782000000003,1822.885
J&K ,April,774651,745033,717899,592004,541551,0.18,0.48,0.3,0.26,0.25,1394.3718,3576.1584,2153.6969999999997,1539.2104000000002,1353.8775
J&K ,May,615136,606513,622408,527466,509869,0.18,0.48,0.3,0.26,0.25,1107.2448,2911.2624,1867.224,1371.4116000000001,1274.6725
J&K ,June,726446,683935,663470,546972,512341,0.18,0.48,0.3,0.26,0.25,1307.6028,3282.888,1990.41,1422.1272,1280.8525
J&K ,July,818125,806493,779309,733834,628323,0.18,0.48,0.3,0.26,0.25,1472.625,3871.1664,2337.9269999999997,1907.9684,1570.8075
J&K ,August,800837,785993,719129,652111,599478,0.18,0.48,0.3,0.26,0.25,1441.5066,3772.7664,2157.3869999999997,1695.4886000000001,1498.695
J&K ,September,751513,719894,719964,608177,542600,0.18,0.48,0.3,0.26,0.25,1352.7233999999999,3455.4912,2159.892,1581.2602000000002,1356.5
J&K ,October,945017,890223,866976,741770,683286,0.18,0.48,0.3,0.26,0.25,1701.0306,4273.0704,2600.928,1928.602,1708.215
J&K ,November,1092440,1012569,997738,878280,815947,0.18,0.48,0.3,0.26,0.25,1966.3919999999998,4860.3312,2993.2139999999995,2283.5280000000002,2039.8675
J&K ,December,1226398,1191498,1167840,1021375,912723,0.18,0.48,0.3,0.26,0.25,2207.5164,5719.1903999999995,3503.52,2655.575,2281.8075
Karnataka ,January,1111040,1045027,964109,844533,790854,1.94,1.88,1.85,1.87,2.73,21554.176,19646.507599999997,17836.0165,15792.767100000003,21590.3142
Karnataka ,February,1090516,1049259,931025,848782,761007,1.94,1.88,1.85,1.87,2.73,21156.0104,19726.069199999998,17223.9625,15872.2234,20775.4911
Karnataka ,March,978236,1021539,885936,809107,729154,1.94,1.88,1.85,1.87,2.73,18977.7784,19204.9332,16389.816000000003,15130.3009,19905.9042
Karnataka ,April,774651,745033,717899,592004,541551,1.94,1.88,1.85,1.87,2.73,15028.2294,14006.620399999998,13281.131500000001,11070.4748,14784.3423
Karnataka ,May,615136,606513,622408,527466,509869,1.94,1.88,1.85,1.87,2.73,11933.638399999998,11402.4444,11514.548,9863.6142,13919.4237
Karnataka ,June,726446,683935,663470,546972,512341,1.94,1.88,1.85,1.87,2.73,14093.0524,12857.977999999997,12274.195,10228.376400000001,13986.9093
Karnataka ,July,818125,806493,779309,733834,628323,1.94,1.88,1.85,1.87,2.73,15871.625,15162.068399999998,14417.216500000002,13722.695800000001,17153.2179
Karnataka ,August,800837,785993,719129,652111,599478,1.94,1.88,1.85,1.87,2.73,15536.2378,14776.668399999999,13303.8865,12194.4757,16365.749399999999
Karnataka ,September,751513,719894,719964,608177,542600,1.94,1.88,1.85,1.87,2.73,14579.3522,13534.0072,13319.334,11372.9099,14812.98
Karnataka ,October,945017,890223,866976,741770,683286,1.94,1.88,1.85,1.87,2.73,18333.3298,16736.1924,16039.056,13871.099000000002,18653.7078
Karnataka ,November,1092440,1012569,997738,878280,815947,1.94,1.88,1.85,1.87,2.73,21193.336,19036.2972,18458.153000000002,16423.836,22275.3531
Karnataka ,December,1226398,1191498,1167840,1021375,912723,1.94,1.88,1.85,1.87,2.73,23792.1212,22400.162399999997,21605.04,19099.7125,24917.3379
Kerala ,January,1111040,1045027,964109,844533,790854,3.79,3.8,4.06,4.2,4.19,42108.416,39711.026,39142.825399999994,35470.386,33136.782600000006
Kerala ,February,1090516,1049259,931025,848782,761007,3.79,3.8,4.06,4.2,4.19,41330.5564,39871.842,37799.615,35648.844000000005,31886.1933
Kerala ,March,978236,1021539,885936,809107,729154,3.79,3.8,4.06,4.2,4.19,37075.1444,38818.481999999996,35969.001599999996,33982.494000000006,30551.552600000003
Kerala ,April,774651,745033,717899,592004,541551,3.79,3.8,4.06,4.2,4.19,29359.2729,28311.254,29146.699399999998,24864.168,22690.986900000004
Kerala ,May,615136,606513,622408,527466,509869,3.79,3.8,4.06,4.2,4.19,23313.6544,23047.494,25269.7648,22153.572,21363.511100000003
Kerala ,June,726446,683935,663470,546972,512341,3.79,3.8,4.06,4.2,4.19,27532.303399999997,25989.53,26936.881999999998,22972.824,21467.0879
Kerala ,July,818125,806493,779309,733834,628323,3.79,3.8,4.06,4.2,4.19,31006.9375,30646.734,31639.945399999997,30821.028000000002,26326.7337
Kerala ,August,800837,785993,719129,652111,599478,3.79,3.8,4.06,4.2,4.19,30351.7223,29867.734,29196.637399999996,27388.662,25118.128200000003
Kerala ,September,751513,719894,719964,608177,542600,3.79,3.8,4.06,4.2,4.19,28482.3427,27355.971999999998,29230.538399999998,25543.433999999997,22734.94
Kerala ,October,945017,890223,866976,741770,683286,3.79,3.8,4.06,4.2,4.19,35816.1443,33828.474,35199.2256,31154.34,28629.6834
Kerala ,November,1092440,1012569,997738,878280,815947,3.79,3.8,4.06,4.2,4.19,41403.476,38477.621999999996,40508.1628,36887.76,34188.1793
Kerala ,December,1226398,1191498,1167840,1021375,912723,3.79,3.8,4.06,4.2,4.19,46480.4842,45276.92399999999,47414.304,42897.75,38243.093700000005
Lakshadweep,January,1111040,1045027,964109,844533,790854,0.0,0.0,0.0,0.0,0.01,0.0,0.0,0.0,0.0,79.08539999999999
Lakshadweep,February,1090516,1049259,931025,848782,761007,0.0,0.0,0.0,0.0,0.01,0.0,0.0,0.0,0.0,76.1007
Lakshadweep,March,978236,1021539,885936,809107,729154,0.0,0.0,0.0,0.0,0.01,0.0,0.0,0.0,0.0,72.9154
Lakshadweep,April,774651,745033,717899,592004,541551,0.0,0.0,0.0,0.0,0.01,0.0,0.0,0.0,0.0,54.155100000000004
Lakshadweep,May,615136,606513,622408,527466,509869,0.0,0.0,0.0,0.0,0.01,0.0,0.0,0.0,0.0,50.986900000000006
Lakshadweep,June,726446,683935,663470,546972,512341,0.0,0.0,0.0,0.0,0.01,0.0,0.0,0.0,0.0,51.2341
Lakshadweep,July,818125,806493,779309,733834,628323,0.0,0.0,0.0,0.0,0.01,0.0,0.0,0.0,0.0,62.832300000000004
Lakshadweep,August,800837,785993,719129,652111,599478,0.0,0.0,0.0,0.0,0.01,0.0,0.0,0.0,0.0,59.9478
Lakshadweep,September,751513,719894,719964,608177,542600,0.0,0.0,0.0,0.0,0.01,0.0,0.0,0.0,0.0,54.26
Lakshadweep,October,945017,890223,866976,741770,683286,0.0,0.0,0.0,0.0,0.01,0.0,0.0,0.0,0.0,68.32860000000001
Lakshadweep,November,1092440,1012569,997738,878280,815947,0.0,0.0,0.0,0.0,0.01,0.0,0.0,0.0,0.0,81.5947
Lakshadweep,December,1226398,1191498,1167840,1021375,912723,0.0,0.0,0.0,0.0,0.01,0.0,0.0,0.0,0.0,91.2723
Madhya Pradesh ,January,1111040,1045027,964109,844533,790854,1.04,1.3,1.34,1.47,1.81,11554.816,13585.351,12919.0606,12414.6351,14314.4574
Madhya Pradesh ,February,1090516,1049259,931025,848782,761007,1.04,1.3,1.34,1.47,1.81,11341.3664,13640.367,12475.735,12477.0954,13774.2267
Madhya Pradesh ,March,978236,1021539,885936,809107,729154,1.04,1.3,1.34,1.47,1.81,10173.654400000001,13280.007,11871.5424,11893.8729,13197.6874
Madhya Pradesh ,April,774651,745033,717899,592004,541551,1.04,1.3,1.34,1.47,1.81,8056.370400000001,9685.429,9619.8466,8702.4588,9802.073100000001
Madhya Pradesh ,May,615136,606513,622408,527466,509869,1.04,1.3,1.34,1.47,1.81,6397.414400000001,7884.669,8340.2672,7753.7502,9228.6289
Madhya Pradesh ,June,726446,683935,663470,546972,512341,1.04,1.3,1.34,1.47,1.81,7555.038400000001,8891.155,8890.498,8040.488399999999,9273.3721
Madhya Pradesh ,July,818125,806493,779309,733834,628323,1.04,1.3,1.34,1.47,1.81,8508.5,10484.409,10442.740600000001,10787.3598,11372.6463
Madhya Pradesh ,August,800837,785993,719129,652111,599478,1.04,1.3,1.34,1.47,1.81,8328.7048,10217.909,9636.3286,9586.0317,10850.5518
Madhya Pradesh ,September,751513,719894,719964,608177,542600,1.04,1.3,1.34,1.47,1.81,7815.7352,9358.622000000001,9647.5176,8940.2019,9821.06
Madhya Pradesh ,October,945017,890223,866976,741770,683286,1.04,1.3,1.34,1.47,1.81,9828.176800000001,11572.899000000001,11617.4784,10904.018999999998,12367.476600000002
Madhya Pradesh ,November,1092440,1012569,997738,878280,815947,1.04,1.3,1.34,1.47,1.81,11361.376,13163.396999999999,13369.6892,12910.715999999999,14768.6407
Madhya Pradesh ,December,1226398,1191498,1167840,1021375,912723,1.04,1.3,1.34,1.47,1.81,12754.539200000001,15489.474000000002,15649.056,15014.2125,16520.2863
Maharashtra,January,1111040,1045027,964109,844533,790854,17.6,17.59,18.89,18.9,18.9,195543.04,183820.2493,182120.1901,159616.737,149471.406
Maharashtra,February,1090516,1049259,931025,848782,761007,17.6,17.59,18.89,18.9,18.9,191930.81600000002,184564.6581,175870.6225,160419.79799999998,143830.32299999997
Maharashtra,March,978236,1021539,885936,809107,729154,17.6,17.59,18.89,18.9,18.9,172169.53600000002,179688.71010000003,167353.31040000002,152921.223,137810.106
Maharashtra,April,774651,745033,717899,592004,541551,17.6,17.59,18.89,18.9,18.9,136338.576,131051.30470000001,135611.12110000002,111888.756,102353.13899999998
Maharashtra,May,615136,606513,622408,527466,509869,17.6,17.59,18.89,18.9,18.9,108263.93600000002,106685.6367,117572.87120000001,99691.07399999998,96365.241
Maharashtra,June,726446,683935,663470,546972,512341,17.6,17.59,18.89,18.9,18.9,127854.49600000001,120304.1665,125329.48300000001,103377.70799999998,96832.44899999998
Maharashtra,July,818125,806493,779309,733834,628323,17.6,17.59,18.89,18.9,18.9,143990.00000000003,141862.1187,147211.4701,138694.626,118753.04699999999
Maharashtra,August,800837,785993,719129,652111,599478,17.6,17.59,18.89,18.9,18.9,140947.312,138256.16869999998,135843.4681,123248.97899999999,113301.34199999999
Maharashtra,September,751513,719894,719964,608177,542600,17.6,17.59,18.89,18.9,18.9,132266.288,126629.35459999999,136001.19960000002,114945.453,102551.4
Maharashtra,October,945017,890223,866976,741770,683286,17.6,17.59,18.89,18.9,18.9,166322.992,156590.2257,163771.7664,140194.52999999997,129141.05399999999
Maharashtra,November,1092440,1012569,997738,878280,815947,17.6,17.59,18.89,18.9,18.9,192269.44,178110.88710000002,188472.7082,165994.91999999998,154213.98299999998
Maharashtra,December,1226398,1191498,1167840,1021375,912723,17.6,17.59,18.89,18.9,18.9,215846.048,209584.4982,220604.97600000002,193039.875,172504.647
Manipur ,January,1111040,1045027,964109,844533,790854,0.04,0.02,0.01,0.01,0.01,444.416,209.0054,96.4109,84.4533,79.08539999999999
Manipur ,February,1090516,1049259,931025,848782,761007,0.04,0.02,0.01,0.01,0.01,436.2064,209.8518,93.1025,84.87819999999999,76.1007
Manipur ,March,978236,1021539,885936,809107,729154,0.04,0.02,0.01,0.01,0.01,391.2944,204.3078,88.59360000000001,80.9107,72.9154
Manipur ,April,774651,745033,717899,592004,541551,0.04,0.02,0.01,0.01,0.01,309.8604,149.0066,71.7899,59.2004,54.155100000000004
Manipur ,May,615136,606513,622408,527466,509869,0.04,0.02,0.01,0.01,0.01,246.05440000000002,121.3026,62.2408,52.7466,50.986900000000006
Manipur ,June,726446,683935,663470,546972,512341,0.04,0.02,0.01,0.01,0.01,290.5784,136.787,66.347,54.6972,51.2341
Manipur ,July,818125,806493,779309,733834,628323,0.04,0.02,0.01,0.01,0.01,327.25,161.2986,77.93090000000001,73.3834,62.832300000000004
Manipur ,August,800837,785993,719129,652111,599478,0.04,0.02,0.01,0.01,0.01,320.3348,157.1986,71.9129,65.2111,59.9478
Manipur ,September,751513,719894,719964,608177,542600,0.04,0.02,0.01,0.01,0.01,300.6052,143.9788,71.99640000000001,60.8177,54.26
Manipur ,October,945017,890223,866976,741770,683286,0.04,0.02,0.01,0.01,0.01,378.0068,178.0446,86.69760000000001,74.17699999999999,68.32860000000001
Manipur ,November,1092440,1012569,997738,878280,815947,0.04,0.02,0.01,0.01,0.01,436.976,202.5138,99.77380000000001,87.82800000000002,81.5947
Manipur ,December,1226398,1191498,1167840,1021375,912723,0.04,0.02,0.01,0.01,0.01,490.5592,238.2996,116.78399999999999,102.1375,91.2723
Meghalaya,January,1111040,1045027,964109,844533,790854,0.08,0.06,0.04,0.03,0.03,888.832,627.0161999999999,385.6436,253.35989999999998,237.25619999999998
Meghalaya,February,1090516,1049259,931025,848782,761007,0.08,0.06,0.04,0.03,0.03,872.4128,629.5554,372.41,254.63459999999998,228.3021
Meghalaya,March,978236,1021539,885936,809107,729154,0.08,0.06,0.04,0.03,0.03,782.5888,612.9234,354.37440000000004,242.7321,218.7462
Meghalaya,April,774651,745033,717899,592004,541551,0.08,0.06,0.04,0.03,0.03,619.7208,447.0198,287.1596,177.60119999999998,162.46529999999998
Meghalaya,May,615136,606513,622408,527466,509869,0.08,0.06,0.04,0.03,0.03,492.10880000000003,363.9078,248.9632,158.2398,152.9607
Meghalaya,June,726446,683935,663470,546972,512341,0.08,0.06,0.04,0.03,0.03,581.1568,410.361,265.388,164.0916,153.7023
Meghalaya,July,818125,806493,779309,733834,628323,0.08,0.06,0.04,0.03,0.03,654.5,483.8958,311.72360000000003,220.1502,188.49689999999998
Meghalaya,August,800837,785993,719129,652111,599478,0.08,0.06,0.04,0.03,0.03,640.6696,471.5958,287.6516,195.6333,179.8434
Meghalaya,September,751513,719894,719964,608177,542600,0.08,0.06,0.04,0.03,0.03,601.2104,431.9364,287.98560000000003,182.45309999999998,162.78
Meghalaya,October,945017,890223,866976,741770,683286,0.08,0.06,0.04,0.03,0.03,756.0136,534.1338,346.79040000000003,222.53099999999998,204.98579999999998
Meghalaya,November,1092440,1012569,997738,878280,815947,0.08,0.06,0.04,0.03,0.03,873.952,607.5414,399.09520000000003,263.484,244.7841
Meghalaya,December,1226398,1191498,1167840,1021375,912723,0.08,0.06,0.04,0.03,0.03,981.1184,714.8987999999999,467.13599999999997,306.4125,273.8169
Mizoram,January,1111040,1045027,964109,844533,790854,0.01,0.0,0.0,0.0,0.0,111.104,0.0,0.0,0.0,0.0
Mizoram,February,1090516,1049259,931025,848782,761007,0.01,0.0,0.0,0.0,0.0,109.0516,0.0,0.0,0.0,0.0
Mizoram,March,978236,1021539,885936,809107,729154,0.01,0.0,0.0,0.0,0.0,97.8236,0.0,0.0,0.0,0.0
Mizoram,April,774651,745033,717899,592004,541551,0.01,0.0,0.0,0.0,0.0,77.4651,0.0,0.0,0.0,0.0
Mizoram,May,615136,606513,622408,527466,509869,0.01,0.0,0.0,0.0,0.0,61.513600000000004,0.0,0.0,0.0,0.0
Mizoram,June,726446,683935,663470,546972,512341,0.01,0.0,0.0,0.0,0.0,72.6446,0.0,0.0,0.0,0.0
Mizoram,July,818125,806493,779309,733834,628323,0.01,0.0,0.0,0.0,0.0,81.8125,0.0,0.0,0.0,0.0
Mizoram,August,800837,785993,719129,652111,599478,0.01,0.0,0.0,0.0,0.0,80.0837,0.0,0.0,0.0,0.0
Mizoram,September,751513,719894,719964,608177,542600,0.01,0.0,0.0,0.0,0.0,75.1513,0.0,0.0,0.0,0.0
Mizoram,October,945017,890223,866976,741770,683286,0.01,0.0,0.0,0.0,0.0,94.5017,0.0,0.0,0.0,0.0
Mizoram,November,1092440,1012569,997738,878280,815947,0.01,0.0,0.0,0.0,0.0,109.244,0.0,0.0,0.0,0.0
Mizoram,December,1226398,1191498,1167840,1021375,912723,0.01,0.0,0.0,0.0,0.0,122.6398,0.0,0.0,0.0,0.0
Nagaland ,January,1111040,1045027,964109,844533,790854,0.02,0.02,0.02,0.01,0.01,222.208,209.0054,192.8218,84.4533,79.08539999999999
Nagaland ,February,1090516,1049259,931025,848782,761007,0.02,0.02,0.02,0.01,0.01,218.1032,209.8518,186.205,84.87819999999999,76.1007
Nagaland ,March,978236,1021539,885936,809107,729154,0.02,0.02,0.02,0.01,0.01,195.6472,204.3078,177.18720000000002,80.9107,72.9154
Nagaland ,April,774651,745033,717899,592004,541551,0.02,0.02,0.02,0.01,0.01,154.9302,149.0066,143.5798,59.2004,54.155100000000004
Nagaland ,May,615136,606513,622408,527466,509869,0.02,0.02,0.02,0.01,0.01,123.02720000000001,121.3026,124.4816,52.7466,50.986900000000006
Nagaland ,June,726446,683935,663470,546972,512341,0.02,0.02,0.02,0.01,0.01,145.2892,136.787,132.694,54.6972,51.2341
Nagaland ,July,818125,806493,779309,733834,628323,0.02,0.02,0.02,0.01,0.01,163.625,161.2986,155.86180000000002,73.3834,62.832300000000004
Nagaland ,August,800837,785993,719129,652111,599478,0.02,0.02,0.02,0.01,0.01,160.1674,157.1986,143.8258,65.2111,59.9478
Nagaland ,September,751513,719894,719964,608177,542600,0.02,0.02,0.02,0.01,0.01,150.3026,143.9788,143.99280000000002,60.8177,54.26
Nagaland ,October,945017,890223,866976,741770,683286,0.02,0.02,0.02,0.01,0.01,189.0034,178.0446,173.39520000000002,74.17699999999999,68.32860000000001
Nagaland ,November,1092440,1012569,997738,878280,815947,0.02,0.02,0.02,0.01,0.01,218.488,202.5138,199.54760000000002,87.82800000000002,81.5947
Nagaland ,December,1226398,1191498,1167840,1021375,912723,0.02,0.02,0.02,0.01,0.01,245.2796,238.2996,233.56799999999998,102.1375,91.2723
Odisha ,January,1111040,1045027,964109,844533,790854,0.37,0.38,0.37,0.31,0.29,4110.848,3971.1026,3567.2033,2618.0523000000003,2293.4766
Odisha ,February,1090516,1049259,931025,848782,761007,0.37,0.38,0.37,0.31,0.29,4034.9092,3987.1841999999997,3444.7925,2631.2241999999997,2206.9202999999998
Odisha ,March,978236,1021539,885936,809107,729154,0.37,0.38,0.37,0.31,0.29,3619.4732,3881.8482,3277.9632,2508.2317,2114.5465999999997
Odisha ,April,774651,745033,717899,592004,541551,0.37,0.38,0.37,0.31,0.29,2866.2087,2831.1254,2656.2263000000003,1835.2124,1570.4978999999998
Odisha ,May,615136,606513,622408,527466,509869,0.37,0.38,0.37,0.31,0.29,2276.0032,2304.7494,2302.9096,1635.1445999999999,1478.6200999999999
Odisha ,June,726446,683935,663470,546972,512341,0.37,0.38,0.37,0.31,0.29,2687.8502000000003,2598.953,2454.839,1695.6132,1485.7888999999998
Odisha ,July,818125,806493,779309,733834,628323,0.37,0.38,0.37,0.31,0.29,3027.0625,3064.6734,2883.4433000000004,2274.8854,1822.1366999999998
Odisha ,August,800837,785993,719129,652111,599478,0.37,0.38,0.37,0.31,0.29,2963.0969,2986.7734,2660.7772999999997,2021.5441,1738.4862
Odisha ,September,751513,719894,719964,608177,542600,0.37,0.38,0.37,0.31,0.29,2780.5981,2735.5972,2663.8668,1885.3487,1573.54
Odisha ,October,945017,890223,866976,741770,683286,0.37,0.38,0.37,0.31,0.29,3496.5629,3382.8474,3207.8112,2299.487,1981.5293999999997
Odisha ,November,1092440,1012569,997738,878280,815947,0.37,0.38,0.37,0.31,0.29,4042.028,3847.7622,3691.6306,2722.6679999999997,2366.2463
Odisha ,December,1226398,1191498,1167840,1021375,912723,0.37,0.38,0.37,0.31,0.29,4537.6726,4527.6924,4321.008,3166.2625,2646.8967
Puducherry ,January,1111040,1045027,964109,844533,790854,0.48,0.49,0.49,0.48,0.46,5332.991999999999,5120.6323,4724.134099999999,4053.7583999999997,3637.9284000000002
Puducherry ,February,1090516,1049259,931025,848782,761007,0.48,0.49,0.49,0.48,0.46,5234.4768,5141.3691,4562.0225,4074.1535999999996,3500.6322000000005
Puducherry ,March,978236,1021539,885936,809107,729154,0.48,0.49,0.49,0.48,0.46,4695.5328,5005.5410999999995,4341.0864,3883.7136,3354.1084
Puducherry ,April,774651,745033,717899,592004,541551,0.48,0.49,0.49,0.48,0.46,3718.3248,3650.6616999999997,3517.7051,2841.6191999999996,2491.1346000000003
Puducherry ,May,615136,606513,622408,527466,509869,0.48,0.49,0.49,0.48,0.46,2952.6528,2971.9137,3049.7992,2531.8368,2345.3974000000003
Puducherry ,June,726446,683935,663470,546972,512341,0.48,0.49,0.49,0.48,0.46,3486.9407999999994,3351.2814999999996,3251.0029999999997,2625.4656,2356.7686000000003
Puducherry ,July,818125,806493,779309,733834,628323,0.48,0.49,0.49,0.48,0.46,3927.0,3951.8157,3818.6141,3522.4032,2890.2858
Puducherry ,August,800837,785993,719129,652111,599478,0.48,0.49,0.49,0.48,0.46,3844.0176,3851.3657000000003,3523.7321,3130.1328,2757.5988
Puducherry ,September,751513,719894,719964,608177,542600,0.48,0.49,0.49,0.48,0.46,3607.2624,3527.4806,3527.8235999999997,2919.2495999999996,2495.96
Puducherry ,October,945017,890223,866976,741770,683286,0.48,0.49,0.49,0.48,0.46,4536.0815999999995,4362.0927,4248.1824,3560.4959999999996,3143.1156
Puducherry ,November,1092440,1012569,997738,878280,815947,0.48,0.49,0.49,0.48,0.46,5243.7119999999995,4961.5881,4888.9162,4215.744,3753.3562
Puducherry ,December,1226398,1191498,1167840,1021375,912723,0.48,0.49,0.49,0.48,0.46,5886.710399999999,5838.340200000001,5722.416,4902.6,4198.5258
Punjab ,January,1111040,1045027,964109,844533,790854,3.51,4.16,4.12,2.67,1.04,38997.504,43473.1232,39721.2908,22549.0311,8224.8816
Punjab ,February,1090516,1049259,931025,848782,761007,3.51,4.16,4.12,2.67,1.04,38277.1116,43649.1744,38358.23,22662.4794,7914.4728000000005
Punjab ,March,978236,1021539,885936,809107,729154,3.51,4.16,4.12,2.67,1.04,34336.0836,42496.0224,36500.563200000004,21603.156899999998,7583.2016
Punjab ,April,774651,745033,717899,592004,541551,3.51,4.16,4.12,2.67,1.04,27190.250099999997,30993.3728,29577.4388,15806.5068,5632.1304
Punjab ,May,615136,606513,622408,527466,509869,3.51,4.16,4.12,2.67,1.04,21591.2736,25230.9408,25643.2096,14083.3422,5302.6376
Punjab ,June,726446,683935,663470,546972,512341,3.51,4.16,4.12,2.67,1.04,25498.2546,28451.696,27334.964,14604.152399999999,5328.3464
Punjab ,July,818125,806493,779309,733834,628323,3.51,4.16,4.12,2.67,1.04,28716.1875,33550.1088,32107.5308,19593.3678,6534.559200000001
Punjab ,August,800837,785993,719129,652111,599478,3.51,4.16,4.12,2.67,1.04,28109.378699999997,32697.3088,29628.1148,17411.363699999998,6234.5712
Punjab ,September,751513,719894,719964,608177,542600,3.51,4.16,4.12,2.67,1.04,26378.1063,29947.5904,29662.5168,16238.325899999998,5643.04
Punjab ,October,945017,890223,866976,741770,683286,3.51,4.16,4.12,2.67,1.04,33170.0967,37033.2768,35719.4112,19805.259,7106.174400000001
Punjab ,November,1092440,1012569,997738,878280,815947,3.51,4.16,4.12,2.67,1.04,38344.644,42122.8704,41106.8056,23450.076,8485.8488
Punjab ,December,1226398,1191498,1167840,1021375,912723,3.51,4.16,4.12,2.67,1.04,43046.5698,49566.31680000001,48115.008,27270.7125,9492.3192
Rajasthan  ,January,1111040,1045027,964109,844533,790854,5.11,6.08,5.99,6.13,6.32,56774.144,63537.6416,57750.1291,51769.8729,49981.9728
Rajasthan  ,February,1090516,1049259,931025,848782,761007,5.11,6.08,5.99,6.13,6.32,55725.367600000005,63794.947199999995,55768.3975,52030.3366,48095.642400000004
Rajasthan  ,March,978236,1021539,885936,809107,729154,5.11,6.08,5.99,6.13,6.32,49987.859599999996,62109.5712,53067.5664,49598.2591,46082.5328
Rajasthan  ,April,774651,745033,717899,592004,541551,5.11,6.08,5.99,6.13,6.32,39584.6661,45298.0064,43002.1501,36289.8452,34226.0232
Rajasthan  ,May,615136,606513,622408,527466,509869,5.11,6.08,5.99,6.13,6.32,31433.449600000004,36875.9904,37282.239199999996,32333.665800000002,32223.7208
Rajasthan  ,June,726446,683935,663470,546972,512341,5.11,6.08,5.99,6.13,6.32,37121.3906,41583.248,39741.853,33529.3836,32379.9512
Rajasthan  ,July,818125,806493,779309,733834,628323,5.11,6.08,5.99,6.13,6.32,41806.18750000001,49034.7744,46680.6091,44984.0242,39710.013600000006
Rajasthan  ,August,800837,785993,719129,652111,599478,5.11,6.08,5.99,6.13,6.32,40922.7707,47788.3744,43075.8271,39974.404299999995,37887.0096
Rajasthan  ,September,751513,719894,719964,608177,542600,5.11,6.08,5.99,6.13,6.32,38402.3143,43769.5552,43125.8436,37281.2501,34292.32
Rajasthan  ,October,945017,890223,866976,741770,683286,5.11,6.08,5.99,6.13,6.32,48290.3687,54125.5584,51931.862400000005,45470.501,43183.675200000005
Rajasthan  ,November,1092440,1012569,997738,878280,815947,5.11,6.08,5.99,6.13,6.32,55823.684,61564.1952,59764.5062,53838.56399999999,51567.8504
Rajasthan  ,December,1226398,1191498,1167840,1021375,912723,5.11,6.08,5.99,6.13,6.32,62668.9378,72443.0784,69953.61600000001,62610.2875,57684.0936
Sikkim,January,1111040,1045027,964109,844533,790854,0.42,0.25,0.18,0.27,0.16,4666.3679999999995,2612.5675,1735.3962,2280.2391000000002,1265.3663999999999
Sikkim,February,1090516,1049259,931025,848782,761007,0.42,0.25,0.18,0.27,0.16,4580.1672,2623.1475,1675.845,2291.7114,1217.6112
Sikkim,March,978236,1021539,885936,809107,729154,0.42,0.25,0.18,0.27,0.16,4108.5912,2553.8475,1594.6847999999998,2184.5889,1166.6464
Sikkim,April,774651,745033,717899,592004,541551,0.42,0.25,0.18,0.27,0.16,3253.5342,1862.5825,1292.2182,1598.4108,866.4816000000001
Sikkim,May,615136,606513,622408,527466,509869,0.42,0.25,0.18,0.27,0.16,2583.5712,1516.2825,1120.3344,1424.1582,815.7904000000001
Sikkim,June,726446,683935,663470,546972,512341,0.42,0.25,0.18,0.27,0.16,3051.0732000000003,1709.8375,1194.2459999999999,1476.8244,819.7456
Sikkim,July,818125,806493,779309,733834,628323,0.42,0.25,0.18,0.27,0.16,3436.125,2016.2325,1402.7562,1981.3518000000001,1005.3168000000001
Sikkim,August,800837,785993,719129,652111,599478,0.42,0.25,0.18,0.27,0.16,3363.5153999999998,1964.9825,1294.4322,1760.6997000000001,959.1648
Sikkim,September,751513,719894,719964,608177,542600,0.42,0.25,0.18,0.27,0.16,3156.3545999999997,1799.735,1295.9352,1642.0779,868.16
Sikkim,October,945017,890223,866976,741770,683286,0.42,0.25,0.18,0.27,0.16,3969.0714000000003,2225.5575,1560.5567999999998,2002.7790000000002,1093.2576000000001
Sikkim,November,1092440,1012569,997738,878280,815947,0.42,0.25,0.18,0.27,0.16,4588.248,2531.4225,1795.9284,2371.356,1305.5152
Sikkim,December,1226398,1191498,1167840,1021375,912723,0.42,0.25,0.18,0.27,0.16,5150.8715999999995,2978.745,2102.1119999999996,2757.7125,1460.3568
Tamil Nadu,January,1111040,1045027,964109,844533,790854,21.86,21.04,18.08,19.11,20.08,242873.34399999998,219873.68079999997,174310.9072,161390.25629999998,158803.4832
Tamil Nadu,February,1090516,1049259,931025,848782,761007,21.86,21.04,18.08,19.11,20.08,238386.7976,220764.0936,168329.32,162202.2402,152810.2056
Tamil Nadu,March,978236,1021539,885936,809107,729154,21.86,21.04,18.08,19.11,20.08,213842.3896,214931.8056,160177.22879999998,154620.34769999998,146414.12319999997
Tamil Nadu,April,774651,745033,717899,592004,541551,21.86,21.04,18.08,19.11,20.08,169338.70859999998,156754.94319999998,129796.13919999998,113131.9644,108743.44079999998
Tamil Nadu,May,615136,606513,622408,527466,509869,21.86,21.04,18.08,19.11,20.08,134468.7296,127610.3352,112531.36639999998,100798.75259999999,102381.6952
Tamil Nadu,June,726446,683935,663470,546972,512341,21.86,21.04,18.08,19.11,20.08,158801.0956,143899.924,119955.37599999999,104526.3492,102878.0728
Tamil Nadu,July,818125,806493,779309,733834,628323,21.86,21.04,18.08,19.11,20.08,178842.125,169686.1272,140899.0672,140235.67740000002,126167.25839999999
Tamil Nadu,August,800837,785993,719129,652111,599478,21.86,21.04,18.08,19.11,20.08,175062.9682,165372.92719999998,130018.52319999998,124618.41209999999,120375.18239999999
Tamil Nadu,September,751513,719894,719964,608177,542600,21.86,21.04,18.08,19.11,20.08,164280.7418,151465.69759999998,130169.49119999999,116222.62469999999,108954.08
Tamil Nadu,October,945017,890223,866976,741770,683286,21.86,21.04,18.08,19.11,20.08,206580.71620000002,187302.91919999997,156749.2608,141752.247,137203.8288
Tamil Nadu,November,1092440,1012569,997738,878280,815947,21.86,21.04,18.08,19.11,20.08,238807.384,213044.5176,180391.0304,167839.30800000002,163842.15759999998
Tamil Nadu,December,1226398,1191498,1167840,1021375,912723,21.86,21.04,18.08,19.11,20.08,268090.6028,250691.17919999998,211145.47199999998,195184.7625,183274.7784
Telengana,January,1111040,1045027,964109,844533,790854,1.03,1.1,0.94,0.67,0.54,11443.712,11495.297000000002,9062.6246,5658.3711,4270.6116
Telengana,February,1090516,1049259,931025,848782,761007,1.03,1.1,0.94,0.67,0.54,11232.3148,11541.849000000002,8751.635,5686.839400000001,4109.437800000001
Telengana,March,978236,1021539,885936,809107,729154,1.03,1.1,0.94,0.67,0.54,10075.830800000002,11236.929000000002,8327.7984,5421.0169000000005,3937.4316000000003
Telengana,April,774651,745033,717899,592004,541551,1.03,1.1,0.94,0.67,0.54,7978.9053,8195.363000000001,6748.250599999999,3966.4268000000006,2924.3754000000004
Telengana,May,615136,606513,622408,527466,509869,1.03,1.1,0.94,0.67,0.54,6335.9008,6671.643,5850.635200000001,3534.0222000000003,2753.2926
Telengana,June,726446,683935,663470,546972,512341,1.03,1.1,0.94,0.67,0.54,7482.3938,7523.285000000001,6236.6179999999995,3664.7124000000003,2766.6414
Telengana,July,818125,806493,779309,733834,628323,1.03,1.1,0.94,0.67,0.54,8426.6875,8871.423,7325.504599999999,4916.687800000001,3392.9442000000004
Telengana,August,800837,785993,719129,652111,599478,1.03,1.1,0.94,0.67,0.54,8248.6211,8645.923,6759.8126,4369.1437000000005,3237.1812
Telengana,September,751513,719894,719964,608177,542600,1.03,1.1,0.94,0.67,0.54,7740.5839000000005,7918.834,6767.661599999999,4074.7859000000003,2930.04
Telengana,October,945017,890223,866976,741770,683286,1.03,1.1,0.94,0.67,0.54,9733.6751,9792.453000000001,8149.5743999999995,4969.859,3689.7444
Telengana,November,1092440,1012569,997738,878280,815947,1.03,1.1,0.94,0.67,0.54,11252.132,11138.259000000002,9378.7372,5884.476000000001,4406.1138
Telengana,December,1226398,1191498,1167840,1021375,912723,1.03,1.1,0.94,0.67,0.54,12631.8994,13106.478000000001,10977.695999999998,6843.2125,4928.7042
Tripura ,January,1111040,1045027,964109,844533,790854,0.49,0.36,0.26,0.15,0.15,5444.096,3762.0971999999997,2506.6834,1266.7995,1186.281
Tripura ,February,1090516,1049259,931025,848782,761007,0.49,0.36,0.26,0.15,0.15,5343.528399999999,3777.3324,2420.665,1273.1729999999998,1141.5105
Tripura ,March,978236,1021539,885936,809107,729154,0.49,0.36,0.26,0.15,0.15,4793.356400000001,3677.5404,2303.4336000000003,1213.6605,1093.731
Tripura ,April,774651,745033,717899,592004,541551,0.49,0.36,0.26,0.15,0.15,3795.7898999999998,2682.1188,1866.5374000000002,888.0059999999999,812.3264999999999
Tripura ,May,615136,606513,622408,527466,509869,0.49,0.36,0.26,0.15,0.15,3014.1664,2183.4467999999997,1618.2608000000002,791.199,764.8034999999999
Tripura ,June,726446,683935,663470,546972,512341,0.49,0.36,0.26,0.15,0.15,3559.5854,2462.1659999999997,1725.0220000000002,820.4580000000001,768.5115
Tripura ,July,818125,806493,779309,733834,628323,0.49,0.36,0.26,0.15,0.15,4008.8125,2903.3747999999996,2026.2033999999999,1100.751,942.4845
Tripura ,August,800837,785993,719129,652111,599478,0.49,0.36,0.26,0.15,0.15,3924.1013000000003,2829.5748,1869.7354,978.1664999999999,899.217
Tripura ,September,751513,719894,719964,608177,542600,0.49,0.36,0.26,0.15,0.15,3682.4137,2591.6184,1871.9064,912.2655,813.9
Tripura ,October,945017,890223,866976,741770,683286,0.49,0.36,0.26,0.15,0.15,4630.5833,3204.8027999999995,2254.1376,1112.655,1024.9289999999999
Tripura ,November,1092440,1012569,997738,878280,815947,0.49,0.36,0.26,0.15,0.15,5352.956,3645.2483999999995,2594.1188,1317.42,1223.9205
Tripura ,December,1226398,1191498,1167840,1021375,912723,0.49,0.36,0.26,0.15,0.15,6009.3502,4289.3928,3036.384,1532.0625,1369.0845
Uttar Pradesh ,January,1111040,1045027,964109,844533,790854,15.11,13.09,13.23,12.78,13.31,167878.14399999997,136794.0343,127551.6207,107931.3174,105262.6674
Uttar Pradesh ,February,1090516,1049259,931025,848782,761007,15.11,13.09,13.23,12.78,13.31,164776.9676,137348.0031,123174.6075,108474.33959999999,101290.03169999999
Uttar Pradesh ,March,978236,1021539,885936,809107,729154,15.11,13.09,13.23,12.78,13.31,147811.4596,133719.4551,117209.33280000002,103403.8746,97050.3974
Uttar Pradesh ,April,774651,745033,717899,592004,541551,15.11,13.09,13.23,12.78,13.31,117049.7661,97524.81970000001,94978.0377,75658.11119999998,72080.4381
Uttar Pradesh ,May,615136,606513,622408,527466,509869,15.11,13.09,13.23,12.78,13.31,92947.04959999998,79392.5517,82344.5784,67410.15479999999,67863.56390000001
Uttar Pradesh ,June,726446,683935,663470,546972,512341,15.11,13.09,13.23,12.78,13.31,109765.99059999999,89527.09150000001,87777.08099999999,69903.0216,68192.5871
Uttar Pradesh ,July,818125,806493,779309,733834,628323,15.11,13.09,13.23,12.78,13.31,123618.6875,105569.9337,103102.5807,93783.9852,83629.7913
Uttar Pradesh ,August,800837,785993,719129,652111,599478,15.11,13.09,13.23,12.78,13.31,121006.4707,102886.4837,95140.7667,83339.7858,79790.5218
Uttar Pradesh ,September,751513,719894,719964,608177,542600,15.11,13.09,13.23,12.78,13.31,113553.6143,94234.1246,95251.2372,77725.02059999999,72220.06
Uttar Pradesh ,October,945017,890223,866976,741770,683286,15.11,13.09,13.23,12.78,13.31,142792.0687,116530.1907,114700.92480000001,94798.20599999999,90945.36660000001
Uttar Pradesh ,November,1092440,1012569,997738,878280,815947,15.11,13.09,13.23,12.78,13.31,165067.68399999998,132545.28209999998,132000.7374,112244.18399999998,108602.5457
Uttar Pradesh ,December,1226398,1191498,1167840,1021375,912723,15.11,13.09,13.23,12.78,13.31,185308.73779999997,155967.0882,154505.23200000002,130531.725,121483.43130000001
Uttarakhand ,January,1111040,1045027,964109,844533,790854,0.48,0.52,0.5,0.47,0.45,5332.991999999999,5434.1404,4820.545,3969.3050999999996,3558.843
Uttarakhand ,February,1090516,1049259,931025,848782,761007,0.48,0.52,0.5,0.47,0.45,5234.4768,5456.1468,4655.125,3989.2754,3424.5315
Uttarakhand ,March,978236,1021539,885936,809107,729154,0.48,0.52,0.5,0.47,0.45,4695.5328,5312.0028,4429.68,3802.8028999999997,3281.1929999999998
Uttarakhand ,April,774651,745033,717899,592004,541551,0.48,0.52,0.5,0.47,0.45,3718.3248,3874.1716,3589.495,2782.4188,2436.9795
Uttarakhand ,May,615136,606513,622408,527466,509869,0.48,0.52,0.5,0.47,0.45,2952.6528,3153.8676,3112.04,2479.0902,2294.4105
Uttarakhand ,June,726446,683935,663470,546972,512341,0.48,0.52,0.5,0.47,0.45,3486.9407999999994,3556.462,3317.35,2570.7684,2305.5345
Uttarakhand ,July,818125,806493,779309,733834,628323,0.48,0.52,0.5,0.47,0.45,3927.0,4193.7636,3896.545,3449.0198,2827.4535000000005
Uttarakhand ,August,800837,785993,719129,652111,599478,0.48,0.52,0.5,0.47,0.45,3844.0176,4087.1636,3595.645,3064.9217,2697.6510000000003
Uttarakhand ,September,751513,719894,719964,608177,542600,0.48,0.52,0.5,0.47,0.45,3607.2624,3743.4488,3599.82,2858.4319,2441.7
Uttarakhand ,October,945017,890223,866976,741770,683286,0.48,0.52,0.5,0.47,0.45,4536.0815999999995,4629.1596,4334.88,3486.3189999999995,3074.7870000000003
Uttarakhand ,November,1092440,1012569,997738,878280,815947,0.48,0.52,0.5,0.47,0.45,5243.7119999999995,5265.3588,4988.69,4127.916,3671.7615
Uttarakhand ,December,1226398,1191498,1167840,1021375,912723,0.48,0.52,0.5,0.47,0.45,5886.710399999999,6195.789600000001,5839.2,4800.4625,4107.253500000001
West Bengal ,January,1111040,1045027,964109,844533,790854,5.27,5.6,5.86,6.19,6.39,58551.808,58521.511999999995,56496.7874,52276.59270000001,50535.5706
West Bengal ,February,1090516,1049259,931025,848782,761007,5.27,5.6,5.86,6.19,6.39,57470.193199999994,58758.50399999999,54558.065,52539.6058,48628.347299999994
West Bengal ,March,978236,1021539,885936,809107,729154,5.27,5.6,5.86,6.19,6.39,51553.0372,57206.183999999994,51915.8496,50083.7233,46592.940599999994
West Bengal ,April,774651,745033,717899,592004,541551,5.27,5.6,5.86,6.19,6.39,40824.10769999999,41721.848,42068.881400000006,36645.047600000005,34605.1089
West Bengal ,May,615136,606513,622408,527466,509869,5.27,5.6,5.86,6.19,6.39,32417.667199999996,33964.727999999996,36473.1088,32650.1454,32580.6291
West Bengal ,June,726446,683935,663470,546972,512341,5.27,5.6,5.86,6.19,6.39,38283.70419999999,38300.35999999999,38879.342000000004,33857.5668,32738.5899
West Bengal ,July,818125,806493,779309,733834,628323,5.27,5.6,5.86,6.19,6.39,43115.1875,45163.608,45667.5074,45424.3246,40149.8397
West Bengal ,August,800837,785993,719129,652111,599478,5.27,5.6,5.86,6.19,6.39,42204.109899999996,44015.608,42140.95940000001,40365.670900000005,38306.6442
West Bengal ,September,751513,719894,719964,608177,542600,5.27,5.6,5.86,6.19,6.39,39604.7351,40314.064,42189.890400000004,37646.1563,34672.14
West Bengal ,October,945017,890223,866976,741770,683286,5.27,5.6,5.86,6.19,6.39,49802.395899999996,49852.488,50804.793600000005,45915.56300000001,43661.9754
West Bengal ,November,1092440,1012569,997738,878280,815947,5.27,5.6,5.86,6.19,6.39,57571.587999999996,56703.863999999994,58467.446800000005,54365.532,52139.0133
West Bengal ,December,1226398,1191498,1167840,1021375,912723,5.27,5.6,5.86,6.19,6.39,64631.17459999999,66723.88799999999,68435.424,63223.1125,58322.9997
